{
  "insert-template": [
    {
      "modifiers": [
        "Mod"
      ],
      "key": "T"
    }
  ],
  "file-explorer:move-file": [
    {
      "modifiers": [
        "Mod",
        "Shift"
      ],
      "key": "R"
    }
  ],
  "workspace:new-tab": [],
  "editor:insert-footnote": [
    {
      "modifiers": [
        "Alt"
      ],
      "key": "F"
    }
  ],
  "editor:insert-callout": [
    {
      "modifiers": [
        "Alt"
      ],
      "key": "C"
    }
  ],
  "editor:insert-mathblock": [
    {
      "modifiers": [
        "Alt"
      ],
      "key": "M"
    }
  ]
}