{
  "main": {
    "id": "f45022a0d954e040",
    "type": "split",
    "children": [
      {
        "id": "b19948de5888ee1b",
        "type": "tabs",
        "children": [
          {
            "id": "ef2dce6fb6c68c48",
            "type": "leaf",
            "state": {
              "type": "markdown",
              "state": {
                "file": "2 - Bron Informaties/School/Legal and Ethics LJ 3 B3/Legal and ethics week 3.md",
                "mode": "source",
                "source": false
              },
              "icon": "lucide-file",
              "title": "Legal and ethics week 3"
            }
          },
          {
            "id": "c4bd4153c476e22c",
            "type": "leaf",
            "state": {
              "type": "markdown",
              "state": {
                "file": "List.md",
                "mode": "source",
                "source": false
              },
              "icon": "lucide-file",
              "title": "List"
            }
          }
        ]
      }
    ],
    "direction": "vertical"
  },
  "left": {
    "id": "e9d6a837e69f3279",
    "type": "split",
    "children": [
      {
        "id": "93f5e5065d1d110c",
        "type": "tabs",
        "children": [
          {
            "id": "cd3033b35defe125",
            "type": "leaf",
            "state": {
              "type": "file-explorer",
              "state": {
                "sortOrder": "alphabetical",
                "autoReveal": false
              },
              "icon": "lucide-folder-closed",
              "title": "Files"
            }
          },
          {
            "id": "5bfd1c80a3ce685b",
            "type": "leaf",
            "state": {
              "type": "search",
              "state": {
                "query": "",
                "matchingCase": false,
                "explainSearch": false,
                "collapseAll": false,
                "extraContext": false,
                "sortOrder": "alphabetical"
              },
              "icon": "lucide-search",
              "title": "Search"
            }
          },
          {
            "id": "a2e4f262a0568a87",
            "type": "leaf",
            "state": {
              "type": "bookmarks",
              "state": {},
              "icon": "lucide-bookmark",
              "title": "Bookmarks"
            }
          }
        ]
      }
    ],
    "direction": "horizontal",
    "width": 300
  },
  "right": {
    "id": "9039d0e6f253cc63",
    "type": "split",
    "children": [
      {
        "id": "da264b38e0e44972",
        "type": "tabs",
        "children": [
          {
            "id": "5dc508ab9392a80a",
            "type": "leaf",
            "state": {
              "type": "backlink",
              "state": {
                "file": "2 - Bron Informaties/School/Legal and Ethics LJ 3 B3/Legal and ethics week 1.md",
                "collapseAll": false,
                "extraContext": false,
                "sortOrder": "alphabetical",
                "showSearch": false,
                "searchQuery": "",
                "backlinkCollapsed": false,
                "unlinkedCollapsed": true
              },
              "icon": "links-coming-in",
              "title": "Backlinks for Legal and ethics week 1"
            }
          },
          {
            "id": "d749d55126bb3fc2",
            "type": "leaf",
            "state": {
              "type": "outgoing-link",
              "state": {
                "file": "2 - Bron Informaties/School/Legal and Ethics LJ 3 B3/Legal and ethics week 1.md",
                "linksCollapsed": false,
                "unlinkedCollapsed": true
              },
              "icon": "links-going-out",
              "title": "Outgoing links from Legal and ethics week 1"
            }
          },
          {
            "id": "4461efe4f7b1d871",
            "type": "leaf",
            "state": {
              "type": "tag",
              "state": {
                "sortOrder": "frequency",
                "useHierarchy": true,
                "showSearch": false,
                "searchQuery": ""
              },
              "icon": "lucide-tags",
              "title": "Tags"
            }
          },
          {
            "id": "9036fc0f9b904fe0",
            "type": "leaf",
            "state": {
              "type": "outline",
              "state": {
                "file": "2 - Bron Informaties/School/Legal and Ethics LJ 3 B3/Legal and ethics week 1.md",
                "followCursor": false,
                "showSearch": false,
                "searchQuery": ""
              },
              "icon": "lucide-list",
              "title": "Outline of Legal and ethics week 1"
            }
          }
        ]
      }
    ],
    "direction": "horizontal",
    "width": 300,
    "collapsed": true
  },
  "left-ribbon": {
    "hiddenItems": {
      "switcher:Open quick switcher": false,
      "graph:Open graph view": false,
      "canvas:Create new canvas": false,
      "daily-notes:Open today's daily note": false,
      "templates:Insert template": false,
      "command-palette:Open command palette": false
    }
  },
  "active": "ef2dce6fb6c68c48",
  "lastOpenFiles": [
    "2 - Bron Informaties/School/Legal and Ethics LJ 3 B3/Legal and ethics week 2.md",
    "2 - Bron Informaties/School/Legal and Ethics LJ 3 B3/Legal and ethics week 3.md",
    "2 - Bron Informaties/School/Legal and Ethics LJ 3 B3/Legal and ethics week 1.md",
    "2 - Bron Informaties/School/Legal and Ethics LJ 3 B3/LEGAL EN ETHICS QUIZ VRAGEN.md",
    "6 - Atomische Notities/Pasted image 20250328102901.png",
    "Technologische Determinism.md",
    "Technology Dynamics.md",
    "6 - Atomische Notities/Pasted image 20250328100101.png",
    "6 - Atomische Notities/Pasted image 20250328100041.png",
    "6 - Atomische Notities/IMG_9582.heic",
    "6 - Atomische Notities/Pasted image 20250328094413.png",
    "6 - Atomische Notities/Pasted image 20250328094350.png",
    "6 - Atomische Notities/IMG_9581.heic",
    "PlichtenEthiek.md",
    "DeugdenEthiek.md",
    "2 - Bron Informaties/School/Data Structures/Data Structures week 5.md",
    "2 - Bron Informaties/School/Data Structures/Data Structures week 3.md",
    "2 - Bron Informaties/School/Data Structures/Data Structures week 4.md",
    "Tuple.md",
    "List.md",
    "Ethiek.md",
    "Lineaire Datastructuren.md",
    "6 - Atomische Notities/Pasted image 20250327143041.png",
    "Array.md",
    "6 - Atomische Notities/Pasted image 20250327142857.png",
    "6 - Atomische Notities/Pasted image 20250326163702.png",
    "6 - Atomische Notities/Pasted image 20250326161334.png",
    "6 - Atomische Notities/Pasted image 20250326161052.png",
    "Boom structuur.md",
    "2 - Bron Informaties/School/Data Structures/Data Structures week 2.md",
    "Cartesisch product.md",
    "big O.md",
    "Abstract DataType (ADT).md",
    "2 - Bron Informaties/School/Data Structures/Data Structures week 1.md",
    "Verzameling.md",
    "Complexe getallen.md",
    "Reële getallen.md",
    "Rationale getallen.md",
    "2 - Bron Informaties/School/Data Structures",
    "Consequentialism",
    "Consequentialisme",
    "2 - Bron Informaties/School/Security LJ3 B3",
    "2 - Bron Informaties/School/Legal and Ethics LJ 3 B3",
    "2 - Bron Informaties/School",
    "6 - Atomische Notities",
    "5 - Template"
  ]
}